USE MedTest;

-- Inserting test data into Patients table
INSERT INTO Patients (PATIENT_ID, NAME, BIRTHDATE, CONTACT, INSURANCE_DETAILS, PASSWORD, SALT, IV, SESSION_KEY) VALUES
(1, 'david', '8FB71220E25FA0B4629BA6E8B1A8042B', '98E2FD40354F3E527DB14E74F348AB57', 'BC0A4DE617D9A7042ACD22D649800487', '2da7b829ece2f74a45341d1247456cb5fca7e2e5dbd821c9ce338eb25645b548', '18e039ac5fce3eb6b182151fe9d58319', 'B564122E3A9F4C7193B8AF30F183708F', NULL),
(2, 'everglow', 'C4598F82C6EB3DF10CC345766696DF1D', 'D328702526961532F94C4A940939A2A1', 'D328702526961532F94C4A940939A2A1', 'a9e92374b7c7660ff1b0864666ca6015908784f04a961a7e261ea267c7317612', '94b6f9d094c33019d27e872ad61e1a8d', '3BACD480A18F13CA276F472B86A11F47', NULL),
(3, 'demo6', '97372CEC067665D3B557E46625C53D97', '4F6434CCE3C1364264692B4C4C841629', '25B8B9162D8DAF78A2AEE90CD722C019', '3f849e2e75e8658338aa9991e621d345f95730dc4f63665b54ab264122d9bd4b', '96961d32f1e25e984c978d0ec758c402', '88927ADA7F9B43EEB72153A19258DDA8', NULL),
(4, 'hahaha', '083784C060306151A6A8C319D829A86C', '0F640CB9D7583563115562DF2C0F250D', '0F640CB9D7583563115562DF2C0F250D', '3083d42a08f14a80d00ebb1ed4efb35728f941b4b2c75e24a022d7db28d56948', 'ea56f98bf61dca51dccf01219d22eb19', '23C46CF8FDDAE2C5AC13341845C0D81D', NULL),
(5, 'duduudud', '701A4137749484158F07C0356E3BF40F', '29DAE271F26540D59BFDE03068BADCA4', 'CAE583D6DACF2E7C8DE83FF117515DFF', '2e2c6812ebbe77e8a0e4879351c7cd70064a9c09cf70a6637d3bf7afdc0eb2bd', '887b13169d4d10c8fd8d78db54acf700', '61B3B659D489D7EC90843DE326436BE8', NULL);


INSERT INTO TestsCatalog (TEST_CODE, NAME, DESCRIPTION, COST) VALUES
(1, 'Complete Blood Count', 'A comprehensive blood test', 200.00),
(2, 'MRI Scan', 'Magnetic Resonance Imaging for diagnostics', 1200.00),
(3, 'test1', 'test', 100.00),
(4, 'test2', '111', 111111.00);


-- Inserting test data into Orders table
INSERT INTO Orders (PATIENT_ID, TEST_CODE, ORDERING_PHYSICIAN, ORDER_DATE, STATUS)
VALUES 
(1, 1, 'Dr. Liu', '2023-11-30', 'In Progress'),
(2, 2, 'Dr. John', '2020-12-01', 'Completed');

-- Inserting test data into Appointments table
INSERT INTO Appointments (PATIENT_ID, DATETIME)
VALUES 
(1, UNHEX('323032332D31312D33302030393A3030')),
(2, UNHEX('323032332D31322D30322031343A3030'));

-- Inserting test data into Results table
INSERT INTO Results (ORDER_ID, REPORT_URL, INTERPRETATION, REPORTING_PATHOLOGIST)
VALUES 
(1, UNHEX('687474703A2F2F6578616D706C652E636F6D2F7265706F727431'), UNHEX('4E6F726D616C'), UNHEX('44722E20436C61726B')),
(2, UNHEX('687474703A2F2F6578616D706C652E636F6D2F7265706F727432'), UNHEX('41626E6F726D616C'), UNHEX('44722E204164616D73'));

-- Inserting test data into Billing table
INSERT INTO Billing (ORDER_ID, BILLED_AMOUNT, PAYMENT_STATUS, INSURANCE_CLAIM_STATUS)
VALUES 
(1, UNHEX('3230302E3030'), UNHEX('50616964'), UNHEX('417070726F766564')),
(2, UNHEX('313530302E3030'), UNHEX('50656E64696E67'), UNHEX('44656E696564'));


INSERT INTO Staff (NAME, ROLE, CONTACT, PASSWORD, SALT, IV, SESSION_KEY) VALUES ('Alice', 'Lab Staff', '98E2FD40354F3E527DB14E74F348AB57', '2da7b829ece2f74a45341d1247456cb5fca7e2e5dbd821c9ce338eb25645b548', '18e039ac5fce3eb6b182151fe9d58319', 'B564122E3A9F4C7193B8AF30F183708F', NULL);
INSERT INTO Staff (NAME, ROLE, CONTACT, PASSWORD, SALT, IV, SESSION_KEY) VALUES ('bob', 'Lab Staff', '98E2FD40354F3E527DB14E74F348AB57', '2da7b829ece2f74a45341d1247456cb5fca7e2e5dbd821c9ce338eb25645b548', '18e039ac5fce3eb6b182151fe9d58319', 'B564122E3A9F4C7193B8AF30F183708F', NULL);
INSERT INTO Staff (NAME, ROLE, CONTACT, PASSWORD, SALT, IV, SESSION_KEY) VALUES ('lily', 'Lab Staff', '98E2FD40354F3E527DB14E74F348AB57', '2da7b829ece2f74a45341d1247456cb5fca7e2e5dbd821c9ce338eb25645b548', '18e039ac5fce3eb6b182151fe9d58319', 'B564122E3A9F4C7193B8AF30F183708F', NULL);
INSERT INTO Staff (NAME, ROLE, CONTACT, PASSWORD, SALT, IV, SESSION_KEY) VALUES ('hey', 'Lab Staff', '98E2FD40354F3E527DB14E74F348AB57', '2da7b829ece2f74a45341d1247456cb5fca7e2e5dbd821c9ce338eb25645b548', '18e039ac5fce3eb6b182151fe9d58319', 'B564122E3A9F4C7193B8AF30F183708F', NULL);
